USE sportlfc;

-- Populates the table SPORT
INSERT INTO SPORT (NAME, MAX_PLAYER) 
VALUE ('Football', '28');
INSERT INTO SPORT (NAME, MAX_PLAYER) 
VALUE ('Baseball', '20');
INSERT INTO SPORT (NAME, MAX_PLAYER) 
VALUE ('Volleyball', '14');
INSERT INTO SPORT (NAME, MAX_PLAYER) 
VALUE ('Swimming', '24');

-- Populates the table USER
INSERT INTO USER (USERID, FNAME, LNAME, DOB, SEX, PASSWORD, USER_TYPE)
VALUES ('573987123', 'Paige', 'Wallace', '2006-07-28', 'F', 'cmghdkskf89', 'Player');
INSERT INTO USER (USERID, FNAME, LNAME, DOB, SEX, PASSWORD, USER_TYPE)
VALUES ('827401732', 'Rehan', 'Lopez', '1987-04-12', 'F', '@#sdkscma89', 'Coach');
INSERT INTO USER (USERID, FNAME, LNAME, DOB, SEX, PASSWORD, USER_TYPE)
VALUES ('561234089', 'Hayden', 'Chase', '1994-06-02', 'M', 'aslkdf#$%2', 'Admin');
INSERT INTO USER (USERID, FNAME, LNAME, DOB, SEX, PASSWORD, USER_TYPE)
VALUES ('050345713', 'Maariyah', 'Gould', '2009-03-02', 'F', 'mcbdkfhsb@#', 'Player');
INSERT INTO USER (USERID, FNAME, LNAME, DOB, SEX, PASSWORD, USER_TYPE)
VALUES ('420987476', 'Jessie', 'Barron', '1991-01-09', 'F', 'cmmsdfksdf89', 'Coach');
INSERT INTO USER (USERID, FNAME, LNAME, DOB, SEX, PASSWORD, USER_TYPE)
VALUES ('678133555', 'Carla', 'OReilly', '1990-12-21', 'F', 'kmsadcmksd', 'Admin');
INSERT INTO USER (USERID, FNAME, LNAME, DOB, SEX, PASSWORD, USER_TYPE)
VALUES ('442356999', 'Lola', 'Holman', '2011-12-02', 'F', 'skadfksdfas', 'Player');
INSERT INTO USER (USERID, FNAME, LNAME, DOB, SEX, PASSWORD, USER_TYPE)
VALUES ('333442567', 'Harun', 'McIntosh', '1981-09-25', 'M', 'asdfkj124%%', 'Coach');
INSERT INTO USER (USERID, FNAME, LNAME, DOB, SEX, PASSWORD, USER_TYPE)
VALUES ('192837556', 'Oliwier', 'Mata', '1979-06-25', 'M', '@#6dskd*(', 'Admin');
INSERT INTO USER (USERID, FNAME, LNAME, DOB, SEX, PASSWORD, USER_TYPE)
VALUES ('900823564', 'Shawn', 'Carson', '2009-05-24', 'M', '234923dkjf', 'Player');
INSERT INTO USER (USERID, FNAME, LNAME, DOB, SEX, PASSWORD, USER_TYPE)
VALUES ('765000921', 'Austin', 'Erickson', '1983-02-23', 'M', 'mldjncnd@#$', 'Coach');
INSERT INTO USER (USERID, FNAME, LNAME, DOB, SEX, PASSWORD, USER_TYPE)
VALUES ('345888435', 'Anjali', 'McDaniel', '1982-11-02', 'F', 'skdfkls#$%', 'Admin');
INSERT INTO USER (USERID, FNAME, LNAME, DOB, SEX, PASSWORD, USER_TYPE)
VALUES ('434524556', 'Laiba', 'Booth', '2007-10-24', 'F', 'cmdkdkfk@#$', 'Player');
INSERT INTO USER (USERID, FNAME, LNAME, DOB, SEX, PASSWORD, USER_TYPE)
VALUES ('112233356', 'Patricia', 'Rodgers', '1990-09-04', 'F', 'dkfkfdf$%', 'Coach');
INSERT INTO USER (USERID, FNAME, LNAME, DOB, SEX, PASSWORD, USER_TYPE)
VALUES ('233465777', 'Sufyaan', 'Cantrell', '1979-05-04', 'M', 'cmdfkfkfk$%', 'Admin');
INSERT INTO USER (USERID, FNAME, LNAME, DOB, SEX, PASSWORD, USER_TYPE)
VALUES ('882945767', 'Jared', 'Hahn', '2009-03-02', 'M', 'mmfjfjskl!!!', 'Player');
INSERT INTO USER (USERID, FNAME, LNAME, DOB, SEX, PASSWORD, USER_TYPE)
VALUES ('877922001', 'Aston', 'OConnor', '1986-03-21', 'M', 'mlopsdjfn#$', 'Coach');
INSERT INTO USER (USERID, FNAME, LNAME, DOB, SEX, PASSWORD, USER_TYPE)
VALUES ('135425789', 'Kyra', 'Ramirez', '1977-05-06', 'F', 'cmvnfhsf$%^', 'Admin');
INSERT INTO USER (USERID, FNAME, LNAME, DOB, SEX, PASSWORD, USER_TYPE)
VALUES ('098765361', 'Samir', 'Hines', '2008-10-06', 'M', 'lopdjfn%^d', 'Player');
INSERT INTO USER (USERID, FNAME, LNAME, DOB, SEX, PASSWORD, USER_TYPE)
VALUES ('678092456', 'Brett', 'Sutherland', '1991-09-09', 'M', 'dfjfjf451', 'Coach');
INSERT INTO USER (USERID, FNAME, LNAME, DOB, SEX, PASSWORD, USER_TYPE)
VALUES ('406249046', 'Matthew', 'Goldman', '1984-10-01', 'M', 'ffjdfkdf$$', 'Admin');

-- Populates the table PLAYER
INSERT INTO PLAYER (USERID)
VALUES('123456789');
INSERT INTO PLAYER (USERID)
VALUES('573987123');
INSERT INTO PLAYER (USERID)
VALUES('050345713');
INSERT INTO PLAYER (USERID)
VALUES('442356999');
INSERT INTO PLAYER (USERID)
VALUES('900823564');
INSERT INTO PLAYER (USERID)
VALUES('434524556');
INSERT INTO PLAYER (USERID)
VALUES('882945767');
INSERT INTO PLAYER (USERID)
VALUES('098765361');

-- Populates the table COACH
INSERT INTO COACH (USERID, YRS_OF_EXP)
VALUES('432654876', '5');
INSERT INTO COACH (USERID, YRS_OF_EXP)
VALUES('827401732', '6');
INSERT INTO COACH (USERID, YRS_OF_EXP)
VALUES('420987476', '7');
INSERT INTO COACH (USERID, YRS_OF_EXP)
VALUES('333442567', '4');
INSERT INTO COACH (USERID, YRS_OF_EXP)
VALUES('765000921', '10');
INSERT INTO COACH (USERID, YRS_OF_EXP)
VALUES('112233356', '9');
INSERT INTO COACH (USERID, YRS_OF_EXP)
VALUES('877922001', '12');
INSERT INTO COACH (USERID, YRS_OF_EXP)
VALUES('678092456', '5');

-- Populates the table ADMIN
INSERT INTO ADMIN (USERID, IS_ADMIN)
VALUES('542346785', 'Y');
INSERT INTO ADMIN (USERID, IS_ADMIN)
VALUES('561234089', 'Y');
INSERT INTO ADMIN (USERID, IS_ADMIN)
VALUES('678133555', 'Y');
INSERT INTO ADMIN (USERID, IS_ADMIN)
VALUES('192837556', 'Y');
INSERT INTO ADMIN (USERID, IS_ADMIN)
VALUES('345888435', 'Y');
INSERT INTO ADMIN (USERID, IS_ADMIN)
VALUES('233465777', 'Y');
INSERT INTO ADMIN (USERID, IS_ADMIN)
VALUES('135425789', 'Y');
INSERT INTO ADMIN (USERID, IS_ADMIN)
VALUES('406249046', 'Y');

-- Populates the table EQUIPMENT
INSERT INTO EQUIPMENT (EQID, NAME, SIZE, PRICE)
VALUES('345678123', 'Jersey', 'S', '19.99');
INSERT INTO EQUIPMENT (EQID, NAME, SIZE, PRICE)
VALUES('227311532', 'Jersey', 'M', '19.99');
INSERT INTO EQUIPMENT (EQID, NAME, SIZE, PRICE)
VALUES('739698592', 'Jersey', 'L', '22.99');
INSERT INTO EQUIPMENT (EQID, NAME, SIZE, PRICE)
VALUES('985409799', 'Jersey', 'XL', '24.99');
INSERT INTO EQUIPMENT (EQID, NAME, SIZE, PRICE)
VALUES('102491301', 'Shorts', 'S', '14.99');
INSERT INTO EQUIPMENT (EQID, NAME, SIZE, PRICE)
VALUES('954506160', 'Shorts', 'M', '14.99');
INSERT INTO EQUIPMENT (EQID, NAME, SIZE, PRICE)
VALUES('290631391', 'Shorts', 'L', '18.99');
INSERT INTO EQUIPMENT (EQID, NAME, SIZE, PRICE)
VALUES('967275843', 'Shorts', 'XL', '20.99');
INSERT INTO EQUIPMENT (EQID, NAME, SIZE, PRICE)
VALUES('586261413', 'Pants', 'S', '19.99');
INSERT INTO EQUIPMENT (EQID, NAME, SIZE, PRICE)
VALUES('363220482', 'Pants', 'M', '19.99');
INSERT INTO EQUIPMENT (EQID, NAME, SIZE, PRICE)
VALUES('212860133', 'Pants', 'L', '22.99');
INSERT INTO EQUIPMENT (EQID, NAME, SIZE, PRICE)
VALUES('191673655', 'Pants', 'XL', '24.99');
INSERT INTO EQUIPMENT (EQID, NAME, SIZE, PRICE)
VALUES('079852718', 'Helmet', 'S', '24.99');
INSERT INTO EQUIPMENT (EQID, NAME, SIZE, PRICE)
VALUES('658993572', 'Helmet', 'M', '24.99');
INSERT INTO EQUIPMENT (EQID, NAME, SIZE, PRICE)
VALUES('687987301', 'Helmet', 'L', '27.99');
INSERT INTO EQUIPMENT (EQID, NAME, SIZE, PRICE)
VALUES('350065014', 'Helmet', 'XL', '29.99');
INSERT INTO EQUIPMENT (EQID, NAME, SIZE, PRICE)
VALUES('246103486', 'Shoulder Pads', 'S', '24.99');
INSERT INTO EQUIPMENT (EQID, NAME, SIZE, PRICE)
VALUES('494132998', 'Shoulder Pads', 'M', '24.99');
INSERT INTO EQUIPMENT (EQID, NAME, SIZE, PRICE)
VALUES('244170339', 'Shoulder Pads', 'L', '24.99');
INSERT INTO EQUIPMENT (EQID, NAME, SIZE, PRICE)
VALUES('569910238', 'Shoulder Pads', 'XL', '24.99');

-- Populates the table TEAM
INSERT INTO TEAM (TEAMID, SEX, NAME, MIN_AGE, MAX_AGE, SNAME, NO_ASSISTANT)
VALUES ('004769670', 'F', 'U13 Black Tortoises', '11', '12', 'Football', '0');
INSERT INTO TEAM (TEAMID, SEX, NAME, MIN_AGE, MAX_AGE, SNAME, NO_ASSISTANT)
VALUES ('351528760', 'M', 'U13 Grateful Patriots', '11', '12', 'Baseball', '2');
INSERT INTO TEAM (TEAMID, SEX, NAME, MIN_AGE, MAX_AGE, SNAME, NO_ASSISTANT)
VALUES ('085651781', 'F', 'U13 Red Elephants', '11', '12', 'Volleyball', '1');
INSERT INTO TEAM (TEAMID, SEX, NAME, MIN_AGE, MAX_AGE, SNAME, NO_ASSISTANT)
VALUES ('719741997', 'M', 'U15 Tall Tadpols', '13', '14', 'Swimming', '1');
INSERT INTO TEAM (TEAMID, SEX, NAME, MIN_AGE, MAX_AGE, SNAME, NO_ASSISTANT)
VALUES ('298954729', 'F', 'U15 London United', '13', '14', 'Basketball', '0');
INSERT INTO TEAM (TEAMID, SEX, NAME, MIN_AGE, MAX_AGE, SNAME, NO_ASSISTANT)
VALUES ('059985550', 'M', 'U15 Gracious Foxes', '13', '14', 'Football', '0');
INSERT INTO TEAM (TEAMID, SEX, NAME, MIN_AGE, MAX_AGE, SNAME, NO_ASSISTANT)
VALUES ('179728539', 'F', 'U15 Loving Koalas', '13', '14', 'Volleyball', '2');
INSERT INTO TEAM (TEAMID, SEX, NAME, MIN_AGE, MAX_AGE, SNAME, NO_ASSISTANT)
VALUES ('992638017', 'M', 'U17 Ireland Gerbils', '15', '16', 'Swimming', '2');
INSERT INTO TEAM (TEAMID, SEX, NAME, MIN_AGE, MAX_AGE, SNAME, NO_ASSISTANT)
VALUES ('950036318', 'F', 'U17 Modest Giraffes', '15', '16', 'Basketball', '1');
INSERT INTO TEAM (TEAMID, SEX, NAME, MIN_AGE, MAX_AGE, SNAME, NO_ASSISTANT)
VALUES ('224395111', 'F', 'U17 Purple Newts', '15', '16', 'Football', '0');
INSERT INTO TEAM (TEAMID, SEX, NAME, MIN_AGE, MAX_AGE, SNAME, NO_ASSISTANT)
VALUES ('191893944', 'M', 'U17 Gentle Goldfish', '15', '16', 'Volleyball', '0');
INSERT INTO TEAM (TEAMID, SEX, NAME, MIN_AGE, MAX_AGE, SNAME, NO_ASSISTANT)
VALUES ('070553403', 'M', 'U20 Eagles', '17', '19', 'Swimming', '0');
INSERT INTO TEAM (TEAMID, SEX, NAME, MIN_AGE, MAX_AGE, SNAME, NO_ASSISTANT)
VALUES ('387975743', 'F', 'U20 Cheetahs', '17', '19', 'Basketball', '1');
INSERT INTO TEAM (TEAMID, SEX, NAME, MIN_AGE, MAX_AGE, SNAME, NO_ASSISTANT)
VALUES ('287205362', 'M', 'U20 Tigers', '17', '19', 'Football', '2');
INSERT INTO TEAM (TEAMID, SEX, NAME, MIN_AGE, MAX_AGE, SNAME, NO_ASSISTANT)
VALUES ('413872618', 'F', 'U20 Monsoon', '17', '19', 'Swimming', '2');

-- Populates the table NEEDS
INSERT INTO NEEDS (EQID, NAME, MIN_NUM)
VALUES('231564879', 'Volleyball', '2');
INSERT INTO NEEDS (EQID, NAME, MIN_NUM)
VALUES('345678123', 'Basketball', '1');
INSERT INTO NEEDS (EQID, NAME, MIN_NUM)
VALUES('227311532', 'Basketball', '1');
INSERT INTO NEEDS (EQID, NAME, MIN_NUM)
VALUES('739698592', 'Basketball', '1');
INSERT INTO NEEDS (EQID, NAME, MIN_NUM)
VALUES('985409799', 'Basketball', '1');
INSERT INTO NEEDS (EQID, NAME, MIN_NUM)
VALUES('345678123', 'Baseball', '1');
INSERT INTO NEEDS (EQID, NAME, MIN_NUM)
VALUES('227311532', 'Baseball', '1');
INSERT INTO NEEDS (EQID, NAME, MIN_NUM)
VALUES('739698592', 'Baseball', '1');
INSERT INTO NEEDS (EQID, NAME, MIN_NUM)
VALUES('985409799', 'Baseball', '1');
INSERT INTO NEEDS (EQID, NAME, MIN_NUM)
VALUES('345678123', 'Football', '1');
INSERT INTO NEEDS (EQID, NAME, MIN_NUM)
VALUES('227311532', 'Football', '1');
INSERT INTO NEEDS (EQID, NAME, MIN_NUM)
VALUES('739698592', 'Football', '1');
INSERT INTO NEEDS (EQID, NAME, MIN_NUM)
VALUES('985409799', 'Football', '1');
INSERT INTO NEEDS (EQID, NAME, MIN_NUM)
VALUES('345678123', 'Volleyball', '1');
INSERT INTO NEEDS (EQID, NAME, MIN_NUM)
VALUES('227311532', 'Volleyball', '1');
INSERT INTO NEEDS (EQID, NAME, MIN_NUM)
VALUES('739698592', 'Volleyball', '1');
INSERT INTO NEEDS (EQID, NAME, MIN_NUM)
VALUES('985409799', 'Volleyball', '1');
INSERT INTO NEEDS (EQID, NAME, MIN_NUM)
VALUES ('102491301', 'Basketball', '1');
INSERT INTO NEEDS (EQID, NAME, MIN_NUM)
VALUES ('954506160', 'Basketball', '1');
INSERT INTO NEEDS (EQID, NAME, MIN_NUM)
VALUES ('290631391', 'Basketball', '1');
INSERT INTO NEEDS (EQID, NAME, MIN_NUM)
VALUES ('967275843', 'Basketball', '1');
INSERT INTO NEEDS (EQID, NAME, MIN_NUM)
VALUES ('102491301', 'Volleyball', '1');
INSERT INTO NEEDS (EQID, NAME, MIN_NUM)
VALUES ('954506160', 'Volleyball', '1');
INSERT INTO NEEDS (EQID, NAME, MIN_NUM)
VALUES ('290631391', 'Volleyball', '1');
INSERT INTO NEEDS (EQID, NAME, MIN_NUM)
VALUES ('967275843', 'Volleyball', '1');
INSERT INTO NEEDS (EQID, NAME, MIN_NUM)
VALUES ('586261413', 'Baseball', '1');
INSERT INTO NEEDS (EQID, NAME, MIN_NUM)
VALUES ('363220482', 'Baseball', '1');
INSERT INTO NEEDS (EQID, NAME, MIN_NUM)
VALUES ('212860133', 'Baseball', '1');
INSERT INTO NEEDS (EQID, NAME, MIN_NUM)
VALUES ('191673655', 'Baseball', '1');
INSERT INTO NEEDS (EQID, NAME, MIN_NUM)
VALUES ('586261413', 'Football', '1');
INSERT INTO NEEDS (EQID, NAME, MIN_NUM)
VALUES ('363220482', 'Football', '1');
INSERT INTO NEEDS (EQID, NAME, MIN_NUM)
VALUES ('212860133', 'Football', '1');
INSERT INTO NEEDS (EQID, NAME, MIN_NUM)
VALUES ('191673655', 'Football', '1');
INSERT INTO NEEDS (EQID, NAME, MIN_NUM)
VALUES ('246103486', 'Football', '2');
INSERT INTO NEEDS (EQID, NAME, MIN_NUM)
VALUES ('494132998', 'Football', '2');
INSERT INTO NEEDS (EQID, NAME, MIN_NUM)
VALUES ('244170339', 'Football', '2');
INSERT INTO NEEDS (EQID, NAME, MIN_NUM)
VALUES ('569910238', 'Football', '2');
INSERT INTO NEEDS (EQID, NAME, MIN_NUM)
VALUES ('079852718', 'Football', '2');
INSERT INTO NEEDS (EQID, NAME, MIN_NUM)
VALUES ('658993572', 'Football', '2');
INSERT INTO NEEDS (EQID, NAME, MIN_NUM)
VALUES ('687987301', 'Football', '2');
INSERT INTO NEEDS (EQID, NAME, MIN_NUM)
VALUES ('350065014', 'Football', '2');

-- Populates the table PLAYS_IN
INSERT INTO PLAYS_IN (USERID, TEAMID, UNOFORM_NO)
VALUES ('123456789', '070553403', '22');
INSERT INTO PLAYS_IN (USERID, TEAMID, UNOFORM_NO)
VALUES ('573987123', '413872618', '34');
INSERT INTO PLAYS_IN (USERID, TEAMID, UNOFORM_NO)
VALUES ('573987123', '387975743', '45');
INSERT INTO PLAYS_IN (USERID, TEAMID, UNOFORM_NO)
VALUES('050345713', '298954729', '12');
INSERT INTO PLAYS_IN (USERID, TEAMID, UNOFORM_NO)
VALUES('050345713', '179728539', '89');
INSERT INTO PLAYS_IN (USERID, TEAMID, UNOFORM_NO)
VALUES('442356999', '085651781', '23');
INSERT INTO PLAYS_IN (USERID, TEAMID, UNOFORM_NO)
VALUES('442356999', '004769670', '87');
INSERT INTO PLAYS_IN (USERID, TEAMID, UNOFORM_NO)
VALUES('900823564', '719741997', '03');
INSERT INTO PLAYS_IN (USERID, TEAMID, UNOFORM_NO)
VALUES('900823564', '059985550', '24');
INSERT INTO PLAYS_IN (USERID, TEAMID, UNOFORM_NO)
VALUES('434524556', '950036318', '76');
INSERT INTO PLAYS_IN (USERID, TEAMID, UNOFORM_NO)
VALUES('434524556', '224395111', '55');
INSERT INTO PLAYS_IN (USERID, TEAMID, UNOFORM_NO)
VALUES('882945767', '719741997', '02');
INSERT INTO PLAYS_IN (USERID, TEAMID, UNOFORM_NO)
VALUES('882945767', '059985550', '06');
INSERT INTO PLAYS_IN (USERID, TEAMID, UNOFORM_NO)
VALUES('098765361', '992638017', '22');
INSERT INTO PLAYS_IN (USERID, TEAMID, UNOFORM_NO)
VALUES('098765361', '191893944', '77');

-- Populates the table COACHES
INSERT INTO COACHES (USERID, TEAMID, IS_HEAD)
VALUES ('432654876', '321654987', 'Y');
INSERT INTO COACHES (USERID, TEAMID, IS_HEAD)
VALUES ('827401732', '004769670', 'Y');
INSERT INTO COACHES (USERID, TEAMID, IS_HEAD)
VALUES ('420987476', '719741997', 'Y');
INSERT INTO COACHES (USERID, TEAMID, IS_HEAD)
VALUES ('333442567', '059985550', 'Y');
INSERT INTO COACHES (USERID, TEAMID, IS_HEAD)
VALUES ('765000921', '992638017', 'Y');
INSERT INTO COACHES (USERID, TEAMID, IS_HEAD)
VALUES ('112233356', '191893944', 'Y');
INSERT INTO COACHES (USERID, TEAMID, IS_HEAD)
VALUES ('877922001', '070553403', 'Y');
INSERT INTO COACHES (USERID, TEAMID, IS_HEAD)
VALUES ('678092456', '287205362', 'Y');
INSERT INTO COACHES (USERID, TEAMID, IS_HEAD)
VALUES ('827401732', '085651781', 'N');
INSERT INTO COACHES (USERID, TEAMID, IS_HEAD)
VALUES ('420987476', '179728539', 'N');
INSERT INTO COACHES (USERID, TEAMID, IS_HEAD)
VALUES ('333442567', '179728539', 'N');
INSERT INTO COACHES (USERID, TEAMID, IS_HEAD)
VALUES ('765000921', '287205362', 'N');
INSERT INTO COACHES (USERID, TEAMID, IS_HEAD)
VALUES ('112233356', '321654987', 'N');
INSERT INTO COACHES (USERID, TEAMID, IS_HEAD)
VALUES ('877922001', '351528760', 'N');
INSERT INTO COACHES (USERID, TEAMID, IS_HEAD)
VALUES ('678092456', '351528760', 'N');

-- Populates the table BUY
INSERT INTO BUY (USERID, EQID, QTY)
VALUES ('050345713', '227311532', '2');
INSERT INTO BUY (USERID, EQID, QTY)
VALUES ('050345713', '954506160', '2');
INSERT INTO BUY (USERID, EQID, QTY)
VALUES ('050345713', '231564879', '2');
INSERT INTO BUY (USERID, EQID, QTY)
VALUES ('098765361', '739698592', '1');
INSERT INTO BUY (USERID, EQID, QTY)
VALUES ('098765361', '290631391', '1');
INSERT INTO BUY (USERID, EQID, QTY)
VALUES ('098765361', '231564879', '2');
INSERT INTO BUY (USERID, EQID, QTY)
VALUES ('123456789', '345678123', '1');
INSERT INTO BUY (USERID, EQID, QTY)
VALUES ('123456789', '102491301', '1');
INSERT INTO BUY (USERID, EQID, QTY)
VALUES ('434524556', '985409799', '2');
INSERT INTO BUY (USERID, EQID, QTY)
VALUES ('434524556', '967275843', '1');
INSERT INTO BUY (USERID, EQID, QTY)
VALUES ('434524556', '191673655', '1');
INSERT INTO BUY (USERID, EQID, QTY)
VALUES ('434524556', '569910238', '2');
INSERT INTO BUY (USERID, EQID, QTY)
VALUES ('434524556', '350065014', '1');
INSERT INTO BUY (USERID, EQID, QTY)
VALUES ('442356999', '227311532', '2');
INSERT INTO BUY (USERID, EQID, QTY)
VALUES ('442356999', '954506160', '1');
INSERT INTO BUY (USERID, EQID, QTY)
VALUES ('442356999', '363220482', '1');
INSERT INTO BUY (USERID, EQID, QTY)
VALUES ('442356999', '231564879', '2');
INSERT INTO BUY (USERID, EQID, QTY)
VALUES ('442356999', '494132998', '2');
INSERT INTO BUY (USERID, EQID, QTY)
VALUES ('442356999', '658993572', '1');
INSERT INTO BUY (USERID, EQID, QTY)
VALUES ('573987123', '227311532', '1');
INSERT INTO BUY (USERID, EQID, QTY)
VALUES ('573987123', '954506160', '1');
INSERT INTO BUY (USERID, EQID, QTY)
VALUES ('882945767', '739698592', '1');
INSERT INTO BUY (USERID, EQID, QTY)
VALUES ('882945767', '212860133', '1');
INSERT INTO BUY (USERID, EQID, QTY)
VALUES ('882945767', '687987301', '1');
INSERT INTO BUY (USERID, EQID, QTY)
VALUES ('882945767', '244170339', '2');
INSERT INTO BUY (USERID, EQID, QTY)
VALUES ('900823564', '227311532', '1');
INSERT INTO BUY (USERID, EQID, QTY)
VALUES ('900823564', '363220482', '1');
INSERT INTO BUY (USERID, EQID, QTY)
VALUES ('900823564', '658993572', '1');
INSERT INTO BUY (USERID, EQID, QTY)
VALUES ('900823564', '494132998', '2');
